id,name,password,age,description,x,y,public,sell,genome
1,Emma Johnson,3FIRe#uck,29,,0.364,0.076,False,False,
2,Nina Petrova,4RU!ssia@k,40,Hi! I'm into music üéµ and uncovering the stories of my ancestors. Let's connect! üéß,0.547,0.068,False,False,ATCCAGCCCCCCGTGCAGATGGCTACATCGGTTGATAAATCAAGCCTACGATGTCAACGAAAAGATGTTAAGAATCGGTGGAGCTCATCCGTATTTAGTT
3,Joyce Mwangi,4OMcxloku%vW,21,"Outdoor enthusiast, love hiking and learning about the past.",0.605,0.55,False,True,ATGTAGGGGAGCATCTTTGAACCCTAGATTGATCGATGAGCAAACGCTCGCTGCAGATGCGAATTGTGGGTTGTCCCGGGGTAAAGGGGACGGGGTGGGG
4,James Brien,7IRIsh&fun,51,,0.307,0.049,False,False,GGGCAGCAATTCCATGCAGCGGTATTACGTGCGTTGAAAGTAACCTGTGCTAAACCGTAGCCCGCCGGGAGGTAAAGTTCCGGATAGTTCCTCTGTCGCT
5,Varun Agarwal,2CMgvrrmm&QF,81,,0.723,0.347,False,False,
6,Arjun Nair,8INeulvoa%Vb,35,"Father of two, looking to learn more about our family history.",0.719,0.345,False,False,
7,Ma Lan,3HNghuzra%pK,60,‰Ω†Â•ΩÔºåÊàëÊòØÈ©¨ÂÖ∞ÔºÅÊàëÂñúÊ¨¢ÁîªÁîªüé®ÔºåÁ†îÁ©∂ÂÆ∂ÊóèÂéÜÂè≤‰πüËÆ©ÊàëÂÖÖÊª°Â•ΩÂ•á,0.81,0.27,True,True,
8,Zainab Kamau,5YPpihynw!Gq,40,"I'm an artist, passionate about discovering my family's history and connecting with relatives.",0.599,0.544,True,False,
9,Amelia Taylor,3SYpqcsam!fZ,87,hey everyone! I'm into cooking and finding out more about my ancestors.,0.234,0.025,True,True,CAATATATCCGCATTAGGGGATGTTGTCTCGTTTTAATCATAGGATTCACTCCGCCGGTGAAGCCGTATTCATCAGTCTTTTTTAATAGTTAATTGGGAA
10,Fernanda Rivera,7HJcdmcaa@bu,90,"hey everyone, I'm into fitness and uncovering my family's past.",0.222,0.362,False,False,ATTCGGATGGTGTCTCCAATGCTGCGGGGAAGTAGTGCCGAGGTAATACCAGAGAAGGGTACAGTGGGGGGACGACGGCGTCAGCTTAATCTAGCCCAGT
11,Felix Schmidt,5AJxijxbo*sJ,40,"hi, i enjoy playing chess and finding out about my family's past.",0.418,0.103,True,True,TCTAAGCTTTCGTCTGCTGACGGATATTTTGCGAAACTGAGCATATCGCGCTTATTAAGAGGGGGGTTCGTCCGAAACCTGACATCGTATAGGTGTCTAA
12,Ingrid Haugen,9KOwhkgwa*Hc,58,"I'm a scientist, and I find exploring my genealogy fascinating.",0.367,0.006,False,False,
13,Li Jun,8DTfivans%cG,26,,0.794,0.278,True,False,
14,Charlotte Morris,1YLcxjgml$BE,81,"I'm a teacher, love exploring my family history and learning from others.",0.398,0.082,True,True,
15,Xiao Ying,6RRvhlump%fs,32,,0.806,0.272,True,True,TAGCATTGGGTAGTCTTGCTGAGATCAGGCCCACGGAGGGCGTGGATGGACCACATACAGTGCTATTGGAGTACACGGTTTCGACACCCGGTCCAAGCCA
16,Andres Salazar,5CYuarhtv&tw,27,"i'm a designer, passionate about art and tracing my family's history.",0.469,0.278,False,True,TTCTATTGTATGGTCTCAACAGCCCACCAGTTGGTTGACTACTGGGTACAGGACGAACTGTGTTACTGCGCCCTAAACCTACTAAACCCCTCTGACAACG
17,Aoife Sullivan,4EQrmvkcc*Vf,28,,0.297,0.039,False,True,GGATTTATCCCGACTTATGACTATCCTCAGCGCAATTTCCTTCTCGCTCATAGTATAGATTGCTTGAGCGTAATCTGGGAACGCGGAACGATCTGTCATA
18,Daria Smirnova,4HVkosukq^cN,60,"hey everyone, I'm a programmer and enjoy researching my heritage.",0.553,0.062,False,True,
19,Nikhil Menon,1UYqeahzy^sj,72,,0.727,0.349,False,True,
20,Sora Kobayashi,1JQndhtqq@bk,37,"Fitness enthusiast, curious about my family's past and making new connections.",0.833,0.186,False,True,ACCATCCAAGACATCTCCACGTGTGCTTGCGCGCCCGCATAGCGTTCGGTAGGTTTATCACTACTATGATTAGCTATGCGCCTTCGGCTCCGTTATAGGG
21,Isabelle Cook,1UYztlier%XY,70,"A fan of history and mysteries, hoping to uncover interesting stories about my family.",0.938,0.754,True,False,ACGCGTAACGAGTGGACCATCGCGCAACGCATTTCGAGTACGATAAAAGTAGGGTGCATTCTAGTTAGACGCTAATGTGCATAATCCGTACGCTCTCCCA
22,Benjamin Faure,2FDlrvudl#uO,46,,0.386,0.108,False,True,
23,Mateo Vargas,1XXxktwzf^Ku,77,,0.461,0.27,True,False,GACGTACATATTGCACCAGGTAACATAGTCGGACAGCTCGGTTGCCCGTGAGCAGTTTCCCGACATATCCCCTCTTGAAAAGGTTAAACCCGAGATCCTC
24,Sarah Dupont,3FRAnce#lu,55,hi im a bookworm and i like finding out about my ancestors.,0.382,0.112,True,True,TATTTGACGGAGGGCACTTGTGCGCTGATGCGCCAAGATACGCTGTTATGATGGAAACATCTCGAAAGCCCTTTAAAGGACTTGATAGTAGGCAAGCGTA
25,Faith Kariuki,1WOuewisd#xt,55,,0.603,0.548,False,True,
26,Diego Martinez,4BThxjooe%mo,90,,0.449,0.266,False,True,
27,Huang Jie,3PGuvbivn*wA,29,"Gamer and genealogy enthusiast, always excited to make new discoveries.",0.819,0.317,True,True,
28,Akira Watanabe,9JPAn%tasy,30,Hello! I like to collect old photographs and uncover their stories.,0.841,0.194,False,True,GGTACACTGCAAAAATGGATACTCGGTCCCAGGACATTCAATTAAGATGAGGAAGTTCAACCTTCGGCCGTTAAATAAAAATTACAGTGGCGTCGGGTAC
29,Valentin Moreau,5SJesbcyg&pB,60,"Hello! I'm a retired teacher, exploring my family tree and making connections.",0.388,0.106,False,True,CCACTAATTACCATCACTGGTACCATTTAGCATATCCTAGTTCGTTAAAGGGGCGCAATGAAAAAAGACCATGGCTTGAAGCGGGGCCGAGCACTTACCG
30,Frida Johansen,2DMviobpc#mX,29,"i love soccer, videogames, and movies. wanna chat?",0.365,0.004,True,True,ATGATCTTAGATAAGTGCCGCTACGACAAGCTTGGAGCAATCACCTTTGCGTGGGTAGATATCAGCACATTTTCAGGGTGCTGAGTTACCGATTACACGG
31,Mahmoud Zaki,8LWrtglsj$Sp,74,,0.641,0.299,False,True,
32,Johannes Vries,7UVcbzppj^fF,20,,0.384,0.051,False,True,
33,Mustafa Demir,5KKzizmuf@Ic,20,,0.517,0.197,True,False,ATCCCCGGGCAGGCTCAAATCAATACGGCGTGTTGGAATCGGGGTGAGTTACGCACCCCGGGCTATAAGTTATTTCCGCATAAGATGCACAATTTTTCAG
34,Orla Maguire,6BBattqxi*dj,94,,0.293,0.035,True,True,
35,Zhang Min,5ANzcdbni$bf,42,"hey im new here, just trying to find out more about my family.",0.79,0.28,False,False,CTAGGATCTTCGACGAAGGGATAGCTTCTCCGGTCAGTCACGTCGTTGCTGGAGCTTCGTGTTGTGTGATACAATCGCAAGTGCATGCGTTTATGCGGTA
36,Ciara Connell,9XXldnqjo#fP,24,"hi, I'm a gamer and I'm interested in learning about my ancestors.",0.295,0.037,True,False,GGAAACCACGCTGTGTGCAGGCACAGGTCCCAATAATATTCATATAACGGTATGTCGAGCTTTTAATGTCGAGCAAGCTCCTCATTTTCGGTTTTTTATA
37,Bram Jong,2REpafjxz#TZ,66,,0.386,0.053,False,True,TACGCTGTCGTGTACCATGTCTCTCTACAGCGATGCGTCAGCATTTTCCAGTAATTAGTGACGAGAGACTGAAGAGTCTTCCCGTGTGCTCGCAGTGGGT
38,Ravi Patel,8JAIn*dia,34,"üå∏ Nature lover, always exploring my family's history and sharing interesting discoveries. üå≥",0.709,0.337,True,True,
39,Lin Xiu,3QIffentz*Jp,56,,0.821,0.319,False,True,
40,Mia Campbell,2BKypwtox%JQ,92,,0.382,0.078,True,True,
41,Maeve Kelly,9GWarqtbp#Jg,22,"i'm a music lover, discovering my ancestors' stories and finding long-lost relatives.",0.299,0.041,False,False,AGAATACTGAGAATGTGTATAAACCTTAGAACCCGTCCTAGTTATCTTTTAGAGGTCGCTCTTTCGTTCCCAAGGGAACTGATCAGATTCGGAGGACTTA
42,Li Mei,7CZbladsf@sF,93,,0.786,0.282,False,True,AAGCAGGACTCCTAGGACCCCATTTTCAATTGGCCCAGATCACACCAGGATAAAAACTGTTGACATCCTCACTTATCATGGTTTGAATGCTGGTCGTTTC
43,Carmen Jimenez,8BBmfrwbq$Av,54,,0.22,0.364,False,False,
44,Aisha Hassan,2KeNya@way,33,,0.597,0.542,False,True,
45,Diana Herrera,1OWdwgdmk&NK,39,"Love sports and exploring my genealogy, hoping to find interesting connections.",0.218,0.366,True,False,TAGCCAAATGCCAACATCGAGTAAATTCCGATTAGCAGAATTATACCGTTAGCGAGTAAATTATGTGGGTACCTAGAGGTCGGTAGCTTCTTGATGTACC
46,Carla Mendoza,1JZmlrccu$lH,92,,0.393,0.502,False,True,AGACGTGCAACCAAAATAGTCCGATTTGTGGCCGATAGGATTAATTACGAGAGCCGCAATAGTCATCGATAGAATCTATCTAGTTCATACGGGCGAACGA
47,Carlos Ortega,5QCujiwsf#aZ,86,"Fashionista and amateur genealogist, looking to learn more about my family's past.",0.459,0.268,False,False,CCCCTATTTTTCGCCACTCTGTCGAGCTCTAGCGGGAGGCTGCCCGATCTCGCTGAGGCGTGGTGCTGCTTCTGCGATCCCGGTTAGACTCGAGCTGTAT
48,Veronika Sokolova,6SYnjbilo#uO,43,,0.557,0.058,True,False,
49,Chloe Walsh,3VJyvloqy!DV,84,,0.301,0.043,False,False,ACGTGACGGTCATGACTGAAAAACTCGGGCCATACCTCGGTAGGAAAGCCAGGGGCAAAATCGTTCGAATAGTTCCTTAGCGCATCGGTCCTTCGTCATG
50,Natalia Kuznetsova,9XZewbanq!Ko,25,"Into sports and history, hoping to find some interesting connections here.",0.555,0.06,False,True,
51,Youssef Mahmoud,2NDfwsywa$Sz,76,"Software developer, curious about my heritage and connecting with relatives.",0.633,0.291,False,True,CTCTCGACTCACGTCTGTATCAAGCAGGGGCCGCTACCGTCCAATGTAACGTGTGAGCAGAAGATGAAGACCACCTCCACACGGACGTCGGGGAGATTCA
52,Ali Demirci,6UEqiaiad!eh,41,,0.521,0.201,True,False,
53,Lily Evans,1SZplhkhb@lf,52,"I'm a student and history lover, eager to learn more about my ancestors.",0.39,0.08,False,True,
54,Abigail King,8CFxziafy^ke,47,,0.236,0.023,True,True,
55,Kareem Fawzi,4AMudurrr$uy,65,,0.637,0.295,False,True,
56,Ahmed Elsayed,3ODgyosst%jR,62,"Hi! I'm a teacher, and I love finding out about my ancestors' stories.",0.631,0.289,True,False,
57,Olivia Hansen,3NoRw&yair,39,,0.371,0.01,False,False,
58,Yang Hui,2YZezibfe&fI,33,,0.802,0.274,True,True,
59,Katie Smith,1AuSt!ral,25,,0.93,0.746,True,True,CAGCACATCTGCTATCCACCGAGCGTTAGAGTATCCATTAGCCCGGTAGTGTTGGGGTATAGATACAGTCGTTCCGCCCGGCAGGCTCGCTACACAGCAG
60,Max Kr√ºger,9NSbjnwpd$YP,91,I love animals and I'm interested in finding out more about my ancestors.,0.422,0.099,False,True,
61,Ekaterina Popova,4RWkilnfi$fr,98,,0.551,0.064,True,False,CTGAACTCTTGAAGCCGCTTTTGGCTCCTGGTTTTAGGCGCCTTACCCCTTCTATCCCCCCATCTCGCGCGCATTATGGACCTGGCCAGCCACCGATACG
62,Hiroshi Yamamoto,2HGxwoblz!KO,21,"Mother of two and amateur historian, looking for long-lost relatives.",0.829,0.182,False,True,
63,Anastasia Ivanova,4DFymryqm$Aj,68,,0.549,0.066,False,True,TTCTTCGGTACATTACAATAGAGTCCCAAAAACCCGGGGTTGAGGAATAATTCCTACTCATGCCCAGATATACCGTGGTTTATCTGGGGTTCCTGAGAAT
64,Sophia Williams,3ZLfolwns&py,88,"Hi, I'm new to this site and just exploring my family history.",0.232,0.027,False,True,
65,Gabriela Silva,9RBoayjgu!mM,23,"Nature enthusiast and genealogy hobbyist, excited to discover more about my family history.",0.399,0.496,False,False,
66,Ricardo Pe√±a,2OMyhsxkr&vV,98,"hey there, i'm a sports fan who loves to learn about my family's past.",0.467,0.276,False,True,
67,Sophie Wood,8LQpzixtt&JI,29,,0.238,0.021,False,True,CGTTTGTAGGGGGCCGGCAAACTGTAGCGCGGGGCGGATCGAACTTTCTTAAAGCACCTCCCTTCAACCTGGACTAGGCGGTGGAACACCATATTTTCTA
68,Hannah Martin,4WRkfqmvh#mG,21,"mother of 3, trying to find out more about our family history",0.932,0.748,True,True,GAGGAAAGACAACTCGTAAACGAAATCAACGACCTCACTTGCTTTAATCTACTCCCGCAGGTCATGGGTCAGGAAGTAGCGAAATTACCGGCGTCAAGTG
69,Ege Yƒ±lmaz,1JLxkbiat^ZB,99,Hello everyone! I'm a foodie who enjoys uncovering my family's stories.,0.519,0.199,False,False,
70,Thomas Leclerc,7BLmxtgqe&Mk,80,"üìö Bookworm and history enthusiast, eager to learn more about my heritage and make new friends. üòä",0.384,0.11,True,False,
71,Vivek Sharma,6KYgqjpel!rN,74,"Avid reader and traveler, interested in discovering my roots.",0.707,0.339,False,False,
72,Chen Wei,6TAiwan&go,36,,0.817,0.315,True,True,
73,Tobias Becker,2ZHwcauxs#td,83,"Outdoor lover, passionate about exploring my family's history and making connections.",0.424,0.097,False,True,
74,Oliver Turner,2PEsfoidg$AD,34,,0.366,0.074,True,True,
75,Leon M√ºller,6MEvdcjyr@WL,48,,0.42,0.101,False,True,
76,Isabella Anderson,8DWplghyj$FD,64,,0.603,0.025,True,False,ATCATCTCCACGGGGCGCTGGCTCGCCCGTGCTATTAGTCCGAAGACTGCGGGTCACCAGACGGACCGCCAATATCCGACAGATCAAAACTTGAATTGTG
77,Isabel Castro,5WBhrhifl^mB,62,,0.395,0.5,False,True,
78,Omar Abdelrahman,8RYeasxyi#ye,48,ŸÖÿ±ÿ≠ÿ®Ÿãÿß! ÿ£ŸÜÿß ÿ£ÿ≠ÿ® ŸÉÿ±ÿ© ÿßŸÑŸÇÿØŸÖ ‚öΩ Ÿàÿ£ŸàÿØ ÿßŸÑÿ™ÿπÿ±ŸÅ ÿπŸÑŸâ ÿ™ÿßÿ±ŸäÿÆ ÿπÿßÿ¶ŸÑÿ™Ÿä üå≥. ÿ™ÿ¥ÿ±ŸÅÿ™ ÿ®ŸÑŸÇÿßÿ¶ŸÉ!,0.643,0.301,True,False,
79,Maxime Dubois,8SJpdobol$qp,92,"Hi all, I'm a nature lover and enjoy discovering my family's history.",0.39,0.104,False,False,CTGACGAGGGTGGCGAATGCTAGGTAGGATCGCCGGGGCGGTGTCGATGAGAAGGCTTCCGTACTCCTCGCTAAGTTGATCACTATCACTTGTGCACCGC
80,Sophia Bell,2NIgahvda$vJ,65,,0.406,0.084,True,True,
81,Niamh Gallagher,5YSdbsmsf*Ng,47,"I enjoy traveling ‚úàÔ∏è, cooking üç≥, and finding out more about my family's past. üåç",0.291,0.033,False,False,GGCTGGGAGAAAAATGGTCTGGGAGCGGATATCGCGAAATAGGTCCACTACAAAGCCGGGAGGAATGGTTTTACACGTAGCTCTATTATTAAGGAATACA
82,Wu Fang,6RXmdaojf@sM,39,"Dog lover, and interested in learning more about my heritage.",0.823,0.321,False,True,CTTTATAGATGTACGTATTATACTCTAACGTAGCATTATGCATGTTTGTACGGTAGTATTTTACTAGCGTTAACGATAGGCCACTCGCCTTGGTCAGGAA
83,Freja Larsen,4VJvoxksv&zd,71,,0.607,0.021,False,True,
84,Riku Suzuki,4IZchskze#wg,66,"Hi, just looking to learn more about my heritage and make new friends.",0.835,0.188,False,False,TTTTCGGGGGAGCAGGTATTGTAGGAGTATTGTCGTGTCGCCCCCATAGGCACTTCACCTGCTGAGCGTAGAGCGTGGTAGGATCTGTATCCACCGCCCG
85,Chen Lu,2TSivezrd#sU,94,,0.798,0.276,True,True,TAACCCTTAAAACCAATTGCATATTTCGAGCGTTATGGGTGAGCAAGCAATTTGCATTGCCGATTAAGAAAACCGAGGCGTTGGGGTAAACTCCGCCGTA
86,Miguel Fernandez,2TVcsjkfn!sP,48,"hey there, I love trying new cuisines and learning about my heritage.",0.228,0.356,False,False,TCCCAACATGTGCACTGCGTACGACCGCAGGGCAGACCTGGTGCACGGGAGCTCGTAGTAGCTGTGTTGGGAGGATCGCACGCCTGTAGTAGCGGAGCGC
87,Willem Meer,3ERvhdgav%bq,34,"hi everyone, I enjoy dancing and discovering more about my family's heritage.",0.39,0.057,False,False,
88,Noah Schwartz,5GeRm%any,20,"World traveler, interested in learning about my ancestors and their origins.",0.416,0.105,False,True,ATAGCAGGCCGAAGAATCGAAATTTTTAGACAAAGTACTACGTCAAGAGTCGTCAACGCACTCAAGTGTCAGGTTTTGATGAGTTTTATAAGAAATAAAC
89,Ming Tao,3LKmpcrjj$Ze,52,"I'm a photographer, always looking for inspiration in my family history.",0.825,0.323,False,False,
90,Alice Thompson,1WPryguyo#OK,95,,0.355,0.072,False,True,
91,Liam Brown,4CaNAda!ck,48,,0.23,0.029,False,False,AGGCTAATAGAAGCGGTCAAAGGACGCCCTTACAGCCGAGATCCCCGCAGGCATACTTATGGAGAGTGGTCACTATCGACTAATACGAGAATTGACTCGT
92,Mathilde Jensen,1SVskqurk%GD,28,,0.609,0.019,False,True,CTCAGTGGCTAGTCTACATTCAAAGAGGATTTCTAGATTGGTTGTATCACCGTCGACTATGGGGGGGGGTTCGACTATCCAAGAGTTCAATCATATGGAT
93,Maria Sanchez,1QSybpzer$NX,70,,0.226,0.358,True,False,
94,Guillermo Paredes,4IXecaccn#fJ,25,Aspiring musician and interested in connecting with long-lost relatives.,0.463,0.272,False,True,AGGGTGTCGCGCCTATAGCCCTTTCAAGCATTGGTTTGTGGACACGTTTAGTTTATGCAGTAGAAAAGAGAATTTCTGGCTCTCCCAGAAATACCATAGA
95,Lucas Gomes,0BRaz@ilgo,27,"hey, I love music and I'm curious about my family's past.",0.401,0.494,False,False,
96,Aarav Gupta,1TBbcsquc^wt,55,"Movie buff and amateur genealogist, always up for a chat!",0.711,0.341,True,True,CCAGTGACATTCAAACGATATGTCTGCTGTAAGTGAATTCCTCAGTTGGTAAGTTTCTGGAGTCACTGTACGGTTGTAGCTACTCGCTGCGAACTGAATG
97,Yasser Taha,2QLroljjn$QE,32,,0.639,0.297,True,False,GTACAGTCATCACTTATCTTCGCAACTTTAATCACAAAAAGCGGAGTTGCCAGTTGCCCTAGGATTTGTATTGTTCATTCAGGGGCAAGTTATAGGACAA
98,Tariq Salah,5QSuuidqt#MM,28,"Architect and history enthusiast, always eager to discover more about my heritage.",0.635,0.293,True,False,TACATAATTACCCGCATCATATCCTGAATAGCTCTCACTTCGTTTGATCGGACTTAGCCTCACGAAGGAACACGGTGTCCTTACGATACTTAACCGACCC
99,Wang Li,6CHIna@fe,42,,0.788,0.284,False,True,ACGAAAAACGCGACAACTAGTCGAATTCGAATCTCCGACGCATGCCAGCGAACTTGCCACCGGGGCTCGATGATGGTGTACCTGGACTAATTGGCGCGAA
100,Ankita Desai,3YYpwwpls%ZJ,65,,0.715,0.343,True,True,
101,Ana Sousa,9UDvtyeci%fY,22,"Computer engineer, exploring family tree in my free time. Let's connect!",0.397,0.498,False,True,TGGCCCGGGTGCGATTGAAAGCGTAACCCTCACCATGCACGGCGCCGATAGACAAGGGTTAATGAGAGAAGACCCTCAAGGTCGATTCCCCGACTACATC
102,Juan L√≥pez,5UPer$afe,45,Avid baker and passionate about uncovering my family's past.,0.457,0.266,True,False,AAAGCCTCCGTCGTGAGGGCAGGCGGCGGATGAAGGCCGGGCCTATGAAGCCAAACAATCAGGGCGGAAGATGCACGGGTAGTGCCTCTCCTCATTTATC
103,Mert Kaya,4WNjllrfu^yM,46,,0.523,0.203,True,False,
104,Grace Njoroge,7DAppqwhy%au,60,,0.601,0.546,False,True,ACTAGACAGGCAGCTCCTAGAAGCAATGATAAATGATGTGTCCATATGTAGTTGTCAGGTCACTGTTCAGGAGAGGAGGTCGCTACCTAGCGTGCCGCAT
105,Sofia Rodriguez,1MEx!co97,23,,0.23,0.354,False,True,AAGGGCAGCTTCGCTGCATCCGTTTCTTATATCCCCTCGTTCAATATGGATGTATTTATATCGGGAATATCTATATGTAGTCTATGTACGAGGGACGTAC
106,Ava Petersen,1RWbbybdj@RU,59,"hi there, I enjoy biking and learning about my family tree.",0.605,0.023,False,False,ACTGTCCCGCATGGTTAGAAGGATCACTGGAGGCGGACACTAGAACAGCGGGTACCGGGTGACAAACCCCCATTATAGTTACCGACATTCATCGGATGTG
107,Daiki Tanaka,2DZsxgunm^TN,89,,0.831,0.184,False,False,
108,Ella Wilson,7IWwpphky!Ss,46,"Passionate about cooking, traveling, and exploring my roots.",0.374,0.076,False,True,TGCCGATGACTTGGCCTATGTTCGACACCCTTGATATATATTCGAGGCAAAATACAGCGTATTATATAGTGCTCATCGATGCAGCTACTCTCGCTGAACC
109,Mariana Guti√©rrez,9WDosqjww!QN,60,,0.216,0.368,False,True,
110,Yuto Ito,7BIvatiig@wV,44,„Åì„Çì„Å´„Å°„ÅØÔºÅÁßÅ„ÅØÂÜôÁúü„ÅåÂ§ßÂ•Ω„Åç„Åß„ÄÅÂÆ∂Êóè„ÅÆÊ≠¥Âè≤„ÇíË™ø„Åπ„Çã„Åì„Å®„Å´ËààÂë≥„Åå„ÅÇ„Çä„Åæ„Åô„ÄÇ„Çà„Çç„Åó„Åè„ÅäÈ°ò„ÅÑ„Åó„Åæ„ÅôÔºÅ,0.827,0.18,False,False,
111,Haruto Sato,3FIbktqez!xp,55,"Hi, I enjoy gardening and researching my family's past. Let's connect!",0.837,0.19,False,False,
112,Mohammed Asad,2EgYpt#all,37,Hello! I enjoy hiking and exploring my family's roots.,0.629,0.287,False,True,
113,Shivani Bhat,5SIjtperp^Bx,24,,0.731,0.351,False,False,GTAAATATCCGCCGTTTCACACGCGCTTTGAGAAATAATCGTCCCCTAAAGAATCGTGGCCCATTATCGGTACTTGGATCGCGGACTGAGAGGGGAAGTT
114,Josefina Torres,8COgluwme#Ru,88,hello! i like photography and learning about my ancestors.,0.224,0.36,True,False,TGGGCCGGTTACGGGTTCCTTGCGGGTGCGGGGTGATCTGCTCGCCTGATAGTGCCGTCTCATGGGTATTAGGGTGGTTATTTTAGGCAAACATTAGCGG
115,Zoe Robinson,6SArjwyzf*iW,97,,0.934,0.75,False,False,
116,Yuki Nakamura,4HZkaijac&SD,97,"Hi, I'm a student and I'm eager to learn more about my heritage.",0.839,0.192,True,True,GTGTGTTGCATACATTGTTAAACTTGGAATCAAACTTACTAACATCTCCCCGAATAGAGAGGGTTTACTGCCTTTTTTGTTGCGTGGCATCCTTCCCATC
117,Emily Murphy,6DCcwfgog$VR,56,,0.303,0.045,True,True,TTCCCTTATCTTGCGGGCATTATCATCGGGGAGGTCCGTGAATAATGCTAAGTGGGTGACCCTGCACACCTCCAATGTCCACTTTTACCATTTGCGTTTC
118,Thea Nielsen,5IZosnelp@tD,48,,0.363,0.002,True,False,AGTCGTAGTCTGGTTAGTCTCGCATGCCTATCTTACCGGACGGAGTGATATGACGTAGCTGTAAATACGTGGAAAGAGTCGCGATTCACTTCCGGACGGA
119,Hugo Navarro,5BBuzwczl$Qg,42,,0.465,0.274,False,False,CTAACTGCCCTATAATAGTTAACTATAGATGGTCATTCGTTTCGTTCCTCTGATAGGTCTTGTTTTGTCGTAAATTATGTGTACCGCTGGAGTATACGTA
120,Ella Mitchell,5OUkmimka&UL,79,,0.936,0.752,True,True,TTTCTCGAGCCTAACACAGTTCCATGGCTTGATGATTCAGTGCATCACATGTCACTTGCAAAGTGGCGGGTTCAGACTAACACTGTCCGCAGTGCGGAAC
121,Nora Andersen,6XGmgxfdk#hl,18,"Dog lover üê∂ and amateur genealogist, excited to discover more about my family tree. üå≥",0.369,0.008,True,False,GCGGGTAGATACGTAGCTCCCTGAGGTGCGCTCTTATAGTGACAAATAAATTCAGTGAGGTCTGCAAGTTGAATGATGGTCACGTAAAAACGCTTGCAAG
122,Pieter Graaf,6RYgmsjjy@yi,77,"artist and genealogy hobbyist, excited to share my findings with others",0.388,0.055,False,False,TTGCATAGTACTCGCCAGTATGACCACGACCGCCATGATAAAGGGGGGCAGCAAACATATTTCCGACTCCCCCGCAAGGTCCGTTCCTCGTCCCCGTTCATCTAGAAACCCAGTTTGCATTGATACCTACGTGGTACACGGCTAAAGAGAAACTGCCCAGCCGAGTCACGGCAGTGCGCACACTAGGGGACCCAGTGCTCGAACTGCCGTTCAAATATTTTCCAGAATCAAATCGTCTCAATACAAGCGATCCGCAATGTGTCAACTTATAGGTACTGTTAACCTCGTAACAGGGCGGTCAAGATATTATGCGGGATGGTCCCGTCTGGACATTTATTTCGCACCTTCCTCGAGATCTACCGTTCCCTGCACAGGAGAAGTAGTCTTTGCATGGAATGGCTTAGTATAAAAGACCCACTAATCGCGCTTGTGCAATATCTTCGGGCACCTCTTCCATTCCCCGAGGCGTCGACTAGACGCGTGCTCTTAGAATAAGAATAGATACAGCAGATGTTCGCCTTTGTCATAACGGATAGTACTTAGGTCGACCGGGCGATGGTACGCAGGCGCGAACCGTACGATCCGCTAAATGCAACTAGCCGGTCTTACCCTCTAGATCTGTCCGTGGGCTTACCAATTGCACGACTAATAGTCAGAGTGATATAGACGCAGGCATCGGTCAATGTGGGTTTCTCGATAGTCGAACTACGTCGGAGGAGGTGAATTCTGGCACGGGTGTGAGGGGATCGGTATTTTATAGAGTGGTTGCAGTCTGGAGTGGGACAGGCACTTAACACTTGCACGCCTACGGATAGTGATACCTTGTCCCTGATTTTAGATACGTCGTCCGATGATATTAAATGGTGTGATTTCATTACTCTCCATTGTCTCAGTCGCATTAGATGGTACCCTCCCACCTCTAAAATATTACTCCATCTCGGAAGTGATTGACGGGTTTTACCGCGCCACGGAGAAAGCAGGTACCCCAGCGTATGGTAGT123,
